{"cameraMode":{"drawMode":0,"name":"Shaded","section":"Shading Mode"},"sceneLighting":true,"audioPlay":false,"sceneViewState":{"m_AlwaysRefresh":false,"showFog":true,"showSkybox":true,"showFlares":true,"showImageEffects":true,"showParticleSystems":true,"showVisualEffectGraphs":true,"m_FxEnabled":true},"in2DMode":false,"pivot":{"x":0.49903106689453127,"y":1.2734286785125733,"z":4.8705291748046879},"rotation":{"x":-0.15963242948055268,"y":0.787093997001648,"z":-0.22830168902873994,"w":-0.5503475666046143},"size":22.798545837402345,"orthographic":false}